Transaction Date,Post Date,Description,Category,Type,Amount,Memo
02/15/2026,02/16/2026,Payment Thank You-Mobile,,Payment,1334.47,
02/13/2026,02/15/2026,GITHUB  INC.,Professional Services,Sale,-16.89,
02/12/2026,02/13/2026,PUBLIX #1095,Groceries,Sale,-26.81,
02/11/2026,02/12/2026,TST*BLACK ROOSTER,Food & Drink,Sale,-57.96,
02/11/2026,02/11/2026,ANTHROPIC,Shopping,Sale,-32.40,
02/11/2026,02/11/2026,ANTHROPIC,Shopping,Sale,-21.60,
02/11/2026,02/11/2026,RAILWAY,Shopping,Sale,-5.00,
02/10/2026,02/11/2026,KALSHI,Professional Services,Sale,-20.00,
02/11/2026,02/11/2026,KALSHI,Professional Services,Sale,-30.00,
02/10/2026,02/10/2026,ANTHROPIC,Shopping,Sale,-54.00,
02/08/2026,02/10/2026,TACO MADRE,Food & Drink,Sale,-38.76,
02/09/2026,02/10/2026,LI DRUM BUS,Education,Sale,-1.00,
02/09/2026,02/09/2026,APPLE.COM/US,Shopping,Sale,-649.92,
02/08/2026,02/09/2026,EXXON PALMETTO ROADS #,Gas,Sale,-35.71,
02/05/2026,02/08/2026,TST*COLAS RESTAURANT,Food & Drink,Sale,-66.70,
02/06/2026,02/08/2026,PUBLIX #1095,Groceries,Sale,-13.13,
02/04/2026,02/05/2026,PUBLIX #1095,Groceries,Sale,-41.75,
02/03/2026,02/04/2026,CODETWO,Shopping,Sale,-14.69,
02/02/2026,02/03/2026,PUBLIX #1095,Groceries,Sale,-21.31,
02/01/2026,02/02/2026,GOOGLE *CLOUD VKDVXv,Professional Services,Sale,-0.02,
02/01/2026,02/02/2026,SUPABASE,Shopping,Sale,-35.00,
02/01/2026,02/01/2026,DIGITALOCEAN.COM,Shopping,Sale,-65.15,
01/28/2026,01/29/2026,CVS/PHARMACY #00830,Health & Wellness,Sale,-42.92,
01/28/2026,01/29/2026,PUBLIX #1095,Groceries,Sale,-98.14,
01/26/2026,01/27/2026,LI DRUM BUS,Education,Sale,-1.00,
01/27/2026,01/27/2026,Microsoft-G137253140,Shopping,Sale,-56.67,
01/24/2026,01/26/2026,SHELL OIL 53918000422,Gas,Sale,-18.78,
01/24/2026,01/25/2026,CVS/PHARMACY #00830,Health & Wellness,Sale,-4.38,
01/23/2026,01/23/2026,UNIV OF SOUTH CAROLINA,Education,Sale,-15.00,
01/22/2026,01/23/2026,JJ TEA HOUSE LLC,Food & Drink,Sale,-21.78,
01/15/2026,01/21/2026,LEE ENT ADVERTISING AP,Shopping,Return,374.60,
01/18/2026,01/20/2026,GREENVILLE PARKING RIVERP,Entertainment,Sale,-7.00,
01/18/2026,01/19/2026,CVS/PHARMACY #00830,Health & Wellness,Sale,-14.45,
01/18/2026,01/19/2026,DD *DOORDASH MCDONALDS,Food & Drink,Sale,-22.40,
01/18/2026,01/19/2026,BP#2753069ANJNEY,Gas,Sale,-31.59,
01/17/2026,01/18/2026,PlayStation Network,Shopping,Sale,-10.79,
01/16/2026,01/18/2026,PUBLIX #1095,Groceries,Sale,-45.72,
01/15/2026,01/16/2026,GOOGLE *CLOUD BQQ4DG,Bills & Utilities,Sale,-87.54,
01/15/2026,01/15/2026,Payment Thank You-Mobile,,Payment,347.58,
01/13/2026,01/14/2026,GITHUB  INC.,Professional Services,Sale,-11.36,
01/12/2026,01/13/2026,PUBLIX #1095,Groceries,Sale,-68.57,
01/12/2026,01/13/2026,CVS/PHARMACY #00830,Health & Wellness,Sale,-22.87,
01/11/2026,01/12/2026,EXXON PALMETTO ROADS #,Gas,Sale,-34.87,
01/11/2026,01/12/2026,LI DRUM BUS,Education,Sale,-1.03,
01/11/2026,01/12/2026,LI DRUM BUS,Education,Sale,-1.00,
01/11/2026,01/12/2026,LI DRUM BUS,Education,Sale,-1.00,
01/10/2026,01/11/2026,PRIMANTI BROS OAKLAND,Food & Drink,Sale,-48.49,
01/08/2026,01/09/2026,GOOGLE *CLOUD S42373,Bills & Utilities,Sale,-100.00,
01/09/2026,01/09/2026,GOOGLE *Google One,Professional Services,Sale,-21.59,
01/08/2026,01/08/2026,Payment Thank You-Mobile,,Payment,584.44,
01/06/2026,01/08/2026,EXXON TA PEMBROKE,Gas,Sale,-36.80,
01/06/2026,01/07/2026,JOYCE PARKING  LLC ATRIU,Travel,Sale,-25.00,
01/02/2026,01/04/2026,WEGMANS #063,Groceries,Sale,-39.11,
01/03/2026,01/04/2026,CODETWO,Shopping,Sale,-14.69,
01/03/2026,01/04/2026,LI DRUM BUS,Education,Sale,-1.00,
01/03/2026,01/04/2026,PlayStation Network,Shopping,Sale,-30.23,
01/01/2026,01/02/2026,SUPABASE,Shopping,Sale,-34.97,
01/01/2026,01/02/2026,GOOGLE *CLOUD 4xS3MS,Shopping,Sale,-1.60,
01/01/2026,01/01/2026,DIGITALOCEAN.COM,Shopping,Sale,-64.20,
12/31/2025,01/01/2026,MARATHON 19828,Gas,Sale,-38.04,
12/23/2025,12/31/2025,Dicks Sporting Goods,Shopping,Return,31.05,
12/27/2025,12/28/2025,TARGET        00011957,Shopping,Sale,-17.27,
12/24/2025,12/25/2025,Staples Inc,Shopping,Sale,-23.06,
12/23/2025,12/25/2025,HOBBY-LOBBY #954,Shopping,Sale,-7.51,
12/24/2025,12/24/2025,NANONOBLE PTE. LTD.,Shopping,Sale,-25.00,
12/24/2025,12/24/2025,NANONOBLE PTE. LTD.,Shopping,Sale,-100.00,
12/23/2025,12/24/2025,Dicks Sporting Goods,Shopping,Sale,-104.54,
12/22/2025,12/23/2025,LI DRUM BUS,Education,Sale,-1.00,
12/19/2025,12/21/2025,QUICKLEES 17 FAIRPORT,Gas,Sale,-27.10,
12/18/2025,12/19/2025,LI DRUM BUS,Education,Sale,-1.03,
12/18/2025,12/19/2025,LI DRUM BUS,Education,Sale,-1.03,
12/18/2025,12/19/2025,LI DRUM BUS,Education,Sale,-1.03,
12/16/2025,12/17/2025,WEGMANS #063,Groceries,Sale,-9.98,
12/16/2025,12/17/2025,SPEEDWAY 44934,Gas,Sale,-37.31,
12/17/2025,12/17/2025,PlayStation Network,Shopping,Sale,-10.79,
12/15/2025,12/15/2025,Payment Thank You-Mobile,,Payment,1200.83,
12/13/2025,12/14/2025,GITHUB  INC.,Professional Services,Sale,-20.04,
12/11/2025,12/12/2025,SHEETZ 2235,Gas,Sale,-32.05,
12/11/2025,12/12/2025,FSP*STEEL HANDS BREWING C,Food & Drink,Sale,-53.50,
12/11/2025,12/12/2025,CIRCLE K # 23369,Gas,Sale,-33.07,
12/08/2025,12/09/2025,CVS/PHARMACY #00830,Health & Wellness,Sale,-26.01,
12/07/2025,12/08/2025,WEB*IPAGE,Bills & Utilities,Sale,-25.99,
12/05/2025,12/07/2025,PUBLIX #1095,Groceries,Sale,-10.38,
12/06/2025,12/07/2025,LS GREENS BEVERAGES,Shopping,Sale,-23.20,
12/04/2025,12/05/2025,WP*WORDPRESS YL0874V1Z,Bills & Utilities,Sale,-544.32,
12/03/2025,12/04/2025,WWW.SUPREME.COM,Shopping,Sale,-124.24,
12/03/2025,12/04/2025,CODETWO,Shopping,Sale,-14.69,
12/02/2025,12/03/2025,SQ *CAROLINA BARBER SHOP,Personal,Sale,-32.50,
12/02/2025,12/03/2025,SP SHOPCOOKINGWITHKARL,Shopping,Sale,-46.95,
12/02/2025,12/03/2025,PUBLIX #1095,Groceries,Sale,-65.92,
12/01/2025,12/03/2025,GOOGLE *CLOUD SF9FGV,Shopping,Sale,-0.34,
12/01/2025,12/03/2025,SUPABASE,Shopping,Sale,-34.35,
12/01/2025,12/03/2025,EXXON 7-ELEVEN 35568,Gas,Sale,-34.20,
12/01/2025,12/01/2025,Payment Thank You-Mobile,,Payment,1144.07,
12/01/2025,12/01/2025,DIGITALOCEAN.COM,Shopping,Sale,-58.76,
11/30/2025,12/01/2025,PUBLIX #1095,Groceries,Sale,-11.32,
11/29/2025,12/01/2025,GRUBHUB - UNIVERSITY OF S,Food & Drink,Sale,-9.00,
11/28/2025,11/30/2025,BURGER KING #20485,Food & Drink,Sale,-10.67,
11/29/2025,11/30/2025,HIBACHI HOUSE,Food & Drink,Sale,-18.13,
11/29/2025,11/30/2025,LS GREENS BEVERAGES,Shopping,Sale,-10.79,
11/28/2025,11/30/2025,WINGSTOP 4044,Food & Drink,Sale,-13.17,
11/28/2025,11/30/2025,BUC-EE'S #0069,Groceries,Sale,-9.49,
11/27/2025,11/28/2025,TIN CUP SOCIAL,Food & Drink,Sale,-14.50,
11/27/2025,11/28/2025,TIN CUP SOCIAL,Food & Drink,Sale,-6.25,
11/26/2025,11/27/2025,SUNOCO 0815956800,Gas,Sale,-27.17,
11/25/2025,11/27/2025,FAIRPORT VILLAGE MARKET A,Groceries,Sale,-6.18,
11/25/2025,11/26/2025,WEGMANS #063,Groceries,Sale,-20.24,
11/23/2025,11/24/2025,WEGMANS #062,Groceries,Sale,-15.11,
11/23/2025,11/24/2025,TARGET        00011957,Shopping,Sale,-14.03,
11/23/2025,11/24/2025,VERIFYVEND855-5539974,Shopping,Sale,-88.80,
11/21/2025,11/23/2025,SUBWAY 39327,Food & Drink,Sale,-16.31,
11/21/2025,11/23/2025,SPEEDWAY 44934,Gas,Sale,-30.07,
11/20/2025,11/21/2025,PUBLIX #1095,Groceries,Sale,-4.17,
11/19/2025,11/21/2025,MOTEL 6 ATLANTA,Travel,Return,50.00,
11/19/2025,11/20/2025,76 - M &amp; A MART &amp; GAS,Gas,Sale,-27.35,
11/19/2025,11/20/2025,AIRGARAGE* PARKING,Travel,Sale,-8.00,
11/19/2025,11/20/2025,PUBLIX #1095,Groceries,Sale,-25.88,
11/19/2025,11/20/2025,WAFFLE HOUSE 1996,Food & Drink,Sale,-14.50,
11/18/2025,11/19/2025,ROMAN DELIGHT PIZZA -,Food & Drink,Sale,-16.63,
11/17/2025,11/19/2025,CHICK-FIL-A #00238,Food & Drink,Sale,-10.51,
11/17/2025,11/18/2025,CVS/PHARMACY #10043,Health & Wellness,Sale,-20.68,
11/15/2025,11/17/2025,MOTEL 6 ATLANTA,Travel,Sale,-60.00,
11/17/2025,11/17/2025,PlayStation Network,Entertainment,Sale,-10.79,
11/15/2025,11/17/2025,MOTEL 6 ATLANTA,Travel,Sale,-50.00,
11/16/2025,11/17/2025,TJ'S SANDWICHES PEACHTRE,Food & Drink,Sale,-15.64,
11/15/2025,11/17/2025,MOTEL 6 ATLANTA,Travel,Sale,-410.88,
11/15/2025,11/16/2025,BULL GOGI.,Food & Drink,Sale,-11.97,
11/15/2025,11/16/2025,10578 CAVA ATLANTA GA,Food & Drink,Sale,-16.17,
11/14/2025,11/16/2025,EXXON PALMETTO ROADS #,Gas,Sale,-18.68,
11/14/2025,11/16/2025,EXXON PALMETTO ROADS #,Gas,Sale,-8.45,
11/15/2025,11/16/2025,AIRGARAGE PARKING,Travel,Sale,-29.50,
11/13/2025,11/14/2025,GITHUB  INC.,Professional Services,Sale,-49.42,
11/13/2025,11/14/2025,SEATGEEK TICKETS,Entertainment,Sale,-83.94,
11/13/2025,11/13/2025,Payment Thank You-Mobile,,Payment,602.89,
11/10/2025,11/11/2025,CVS/PHARMACY #00830,Health & Wellness,Sale,-15.33,
11/09/2025,11/11/2025,MAHA BAZAR,Groceries,Sale,-10.97,
11/09/2025,11/10/2025,PlayStation Network,Entertainment,Sale,-21.59,
11/08/2025,11/09/2025,PUBLIX #1095,Groceries,Sale,-102.32,
11/04/2025,11/06/2025,FRESHE POKE HUGER,Food & Drink,Sale,-16.85,
11/04/2025,11/05/2025,Payment Thank You-Mobile,,Payment,771.00,
11/05/2025,11/05/2025,MICROSOFT#G121812842,Shopping,Sale,-384.55,
11/03/2025,11/05/2025,SHELL OIL 57543782007,Gas,Sale,-36.59,
11/03/2025,11/04/2025,CODETWO,Shopping,Sale,-14.69,
11/01/2025,11/02/2025,DIGITALOCEAN.COM,Shopping,Sale,-41.87,
11/01/2025,11/02/2025,SUPABASE,Shopping,Sale,-35.00,
11/01/2025,11/02/2025,GOOGLE *CLOUD SPCLSv,Bills & Utilities,Sale,-99.46,
10/30/2025,10/31/2025,PUBLIX #1095,Groceries,Sale,-55.25,
10/27/2025,10/28/2025,PUBLIX #1095,Groceries,Sale,-9.17,
10/25/2025,10/27/2025,AMK UNIV S CAROLINA,Food & Drink,Sale,-15.36,
10/27/2025,10/27/2025,LYFT   *1 RIDE 10-25,Travel,Sale,-9.05,
10/26/2025,10/27/2025,TST*COCKY ROOSTER-FRANCH,Food & Drink,Sale,-20.87,
10/24/2025,10/26/2025,PUBLIX #1095,Groceries,Sale,-43.04,
10/24/2025,10/26/2025,LS GREENS BEVERAGES,Shopping,Sale,-22.78,
10/24/2025,10/24/2025,Microsoft-G119761189,Shopping,Return,307.64,
10/23/2025,10/24/2025,BOLLYWOOD BITES,Food & Drink,Sale,-12.42,
10/22/2025,10/23/2025,LS GREENS BEVERAGES,Shopping,Sale,-6.10,
10/22/2025,10/23/2025,PUBLIX #1095,Groceries,Sale,-13.83,
10/21/2025,10/22/2025,MIDAS 5254 AUTO &amp; TIRE,Automotive,Sale,-128.08,
10/19/2025,10/20/2025,Microsoft-G119761189,Shopping,Sale,-311.04,
10/17/2025,10/19/2025,PlayStation Network,Shopping,Sale,-10.79,
10/17/2025,10/19/2025,CVS/PHARMACY #00830,Health & Wellness,Sale,-4.53,
10/17/2025,10/19/2025,SHELL OIL 53918000422,Gas,Sale,-4.32,
10/14/2025,10/15/2025,CVS/PHARMACY #00830,Health & Wellness,Sale,-33.03,
10/13/2025,10/14/2025,GITHUB  INC.,Professional Services,Sale,-21.08,
10/11/2025,10/13/2025,PUBLIX #1095,Groceries,Sale,-58.01,
10/11/2025,10/12/2025,DD *DOORDASH MCDONALDS,Food & Drink,Sale,-17.03,
10/11/2025,10/12/2025,FFG* FALL FOR GREENVIL,Personal,Sale,-5.00,
10/11/2025,10/12/2025,FFG* FALL FOR GREENVIL,Personal,Sale,-1.00,
10/11/2025,10/12/2025,SQ *301 RIVER LOT,Travel,Sale,-31.75,
10/11/2025,10/12/2025,FFG* FALL FOR GREENVIL,Personal,Sale,-15.00,
10/10/2025,10/12/2025,SHELL OIL 53918000422,Gas,Sale,-30.28,
10/08/2025,10/10/2025,GRUBHUB - UNIVERSITY OF S,Food & Drink,Sale,-9.08,
10/08/2025,10/10/2025,GRUBHUB - UNIVERSITY OF S,Food & Drink,Sale,-14.42,
10/07/2025,10/07/2025,Payment Thank You-Mobile,,Payment,908.57,
10/04/2025,10/06/2025,NORTHWOODS GOLF CLUB,Entertainment,Sale,-4.50,
10/04/2025,10/06/2025,NORTHWOODS GOLF CLUB,Entertainment,Sale,-106.52,
10/03/2025,10/05/2025,LS GREENS BEVERAGES,Shopping,Sale,-8.89,
10/01/2025,10/02/2025,GOOGLE *CLOUD DZQQ99,Shopping,Sale,-41.47,
10/01/2025,10/01/2025,SUPABASE,Shopping,Sale,-34.34,
10/01/2025,10/01/2025,DIGITALOCEAN.COM,Shopping,Sale,-40.00,
09/30/2025,09/30/2025,OPENAI *CHATGPT SUBSCR,Shopping,Sale,-21.60,
09/29/2025,09/30/2025,AMIA.ORG,Gifts & Donations,Sale,-600.00,
09/30/2025,09/30/2025,LYFT   *1 RIDE 09-28,Travel,Sale,-15.30,
09/29/2025,09/30/2025,City of Columbia  SC,Travel,Sale,-1.90,
09/29/2025,09/29/2025,Payment Thank You-Mobile,,Payment,690.45,
09/28/2025,09/29/2025,TST* THE SALTY NUT CAFE,Food & Drink,Sale,-18.00,
09/27/2025,09/29/2025,AMK UNIV S CAROLINA,Food & Drink,Sale,-16.05,
09/27/2025,09/28/2025,TST* JACK BROWN'S JOINT -,Food & Drink,Sale,-21.58,
09/27/2025,09/28/2025,PALMETTO ROADS #319,Gas,Sale,-2.45,
09/25/2025,09/26/2025,HIBACHI HOUSE,Food & Drink,Sale,-22.55,
09/24/2025,09/25/2025,LS GREENS BEVERAGES,Shopping,Sale,-45.55,
09/22/2025,09/24/2025,SHELL OIL 57545337008,Gas,Sale,-37.62,
09/24/2025,09/24/2025,AMIA.ORG,Gifts & Donations,Sale,-50.00,
09/23/2025,09/24/2025,City of Columbia  SC,Travel,Sale,-1.90,
09/23/2025,09/24/2025,SQ *CAROLINA BARBER SHOP,Personal,Sale,-32.50,
09/24/2025,09/24/2025,APPLE.COM/US,Shopping,Sale,-106.92,
09/19/2025,09/21/2025,TST*CRAZY WINGS - LINCOL,Food & Drink,Sale,-28.02,
09/17/2025,09/17/2025,SIE*PLAYSTATIONNETWORK,Shopping,Sale,-10.79,
09/16/2025,09/17/2025,PUBLIX #1095,Groceries,Sale,-171.37,
09/14/2025,09/15/2025,PUBLIX #1095,Groceries,Sale,-13.54,
09/14/2025,09/15/2025,CVS/PHARMACY #00830,Health & Wellness,Sale,-42.21,
09/13/2025,09/14/2025,MURPHY USA 8592,Gas,Sale,-6.87,
09/10/2025,09/11/2025,PUBLIX #1095,Groceries,Sale,-18.14,
09/08/2025,09/09/2025,CREEM.IO*AI VIDEO GENE,Shopping,Sale,-99.90,
09/07/2025,09/07/2025,ParkWhiz  Inc.,Travel,Sale,-5.00,
09/03/2025,09/03/2025,Payment Thank You-Mobile,,Payment,1723.70,
09/03/2025,09/03/2025,STATEMENT CREDIT,Fees & Adjustments,Adjustment,26.46,
08/31/2025,09/02/2025,TST*JAKES ON DEVINE,Food & Drink,Sale,-18.20,
09/01/2025,09/02/2025,LI DRUM BUS,Education,Sale,-0.50,
09/01/2025,09/02/2025,SUPABASE,Shopping,Sale,-34.62,
09/01/2025,09/02/2025,AMAZON MKTPL*MM85R7A63,Shopping,Sale,-37.78,
09/01/2025,09/01/2025,DIGITALOCEAN.COM,Shopping,Sale,-40.00,
08/31/2025,09/01/2025,TST*TOUCHDOWNS,Food & Drink,Sale,-37.70,
08/30/2025,09/01/2025,SHIVS CONVENIENCE,Groceries,Sale,-9.46,
08/31/2025,09/01/2025,TST*TOUCHDOWNS,Food & Drink,Sale,-18.50,
08/30/2025,08/31/2025,OPENAI *CHATGPT SUBSCR,Shopping,Sale,-21.60,
08/29/2025,08/31/2025,TEEQUEST,Entertainment,Sale,-200.00,
08/28/2025,08/28/2025,USC TUITION &amp; FEES,Education,Sale,-1088.20,
08/26/2025,08/27/2025,WAL-MART #1183,Groceries,Sale,-3.18,
08/24/2025,08/26/2025,QT 1178 OUTSIDE,Gas,Sale,-30.61,
08/24/2025,08/26/2025,GREENVILLE PARKING RIVER,Travel,Sale,-7.00,
08/24/2025,08/25/2025,TST* JACK BROWN'S JOINT -,Food & Drink,Sale,-26.03,
08/23/2025,08/25/2025,TST*LEWIS BARBECUE GREEN,Food & Drink,Sale,-12.64,
08/23/2025,08/25/2025,UNDERGROUND VAPE LLC,Shopping,Sale,-10.60,
08/23/2025,08/25/2025,TST*LEWIS BARBECUE GREEN,Food & Drink,Sale,-26.24,
08/23/2025,08/25/2025,CONNOLLYS IRISH PUB,Food & Drink,Sale,-16.48,
08/23/2025,08/24/2025,FSP*FURMAN UNIVERSITY,Health & Wellness,Sale,-55.88,
08/19/2025,08/19/2025,Payment Thank You-Mobile,,Payment,654.67,
08/18/2025,08/19/2025,SQ *2020 DIVINE,Food & Drink,Sale,-14.24,
08/18/2025,08/19/2025,SQ *2020 DIVINE,Food & Drink,Sale,-14.24,
08/17/2025,08/18/2025,PLAYSTATION NETWORK,Shopping,Sale,-10.79,
08/16/2025,08/18/2025,TARGET        00011999,Shopping,Sale,-5.34,
08/16/2025,08/17/2025,PLAYSTATION NETWORK,Shopping,Sale,-107.99,
08/16/2025,08/17/2025,WM SUPERCENTER #1164,Groceries,Sale,-480.43,
08/16/2025,08/17/2025,PLAYSTATION NETWORK,Shopping,Sale,-16.19,
08/15/2025,08/15/2025,Payment Thank You-Mobile,,Payment,363.98,
08/13/2025,08/15/2025,SHELL OIL 53918000422,Gas,Sale,-27.63,
08/13/2025,08/15/2025,TST*JAKES ON DEVINE,Food & Drink,Sale,-6.30,
08/13/2025,08/14/2025,University of South Carol,Travel,Sale,-4.50,
08/13/2025,08/14/2025,CTLP*PINTEC VENDING,Food & Drink,Sale,-4.70,
08/12/2025,08/13/2025,PUBLIX #1095,Groceries,Sale,-44.61,
08/11/2025,08/12/2025,TST*CRAZY WINGS - LINCOL,Food & Drink,Sale,-18.35,
08/11/2025,08/12/2025,CVS/PHARMACY #00830,Health & Wellness,Sale,-24.82,
08/10/2025,08/12/2025,JERSEY MIKES 7040,Food & Drink,Sale,-21.10,
08/08/2025,08/10/2025,CREEM.IO*AI VIDEO GENE,Shopping,Sale,-99.90,
08/07/2025,08/10/2025,CIRCLE K # 06777,Gas,Sale,-31.01,
08/07/2025,08/08/2025,MARATHON 244228,Gas,Sale,-35.16,
08/07/2025,08/08/2025,SPEEDWAY 44934,Gas,Sale,-34.09,
08/04/2025,08/05/2025,STATEMENT CREDIT,Fees & Adjustments,Adjustment,151.99,
08/03/2025,08/05/2025,SHADOW LAKE,Food & Drink,Sale,-40.00,
08/04/2025,08/05/2025,HAIRZOO - EAST ROCHESTER,Personal,Sale,-31.00,
08/02/2025,08/03/2025,SPEEDWAY 44934,Gas,Sale,-12.47,
08/01/2025,08/03/2025,SUPABASE,Shopping,Sale,-25.00,
08/01/2025,08/03/2025,GOOGLE *CLOUD S5TF39,Shopping,Sale,-49.26,
08/01/2025,08/01/2025,DIGITALOCEAN.COM,Shopping,Sale,-40.00,
07/31/2025,07/31/2025,Payment Thank You-Mobile,,Payment,325.12,
07/30/2025,07/30/2025,OPENAI *CHATGPT SUBSCR,Shopping,Sale,-21.60,
07/26/2025,07/28/2025,LEGENDS@YANKEE STDM-CO,Food & Drink,Sale,-17.41,
07/27/2025,07/28/2025,MTA*MNR ETIX TICKET,Travel,Sale,-5.00,
07/26/2025,07/28/2025,MTA*NYCT PAYGO,Travel,Sale,-2.90,
07/27/2025,07/28/2025,MTA*MNR ETIX TICKET,Travel,Sale,-30.00,
07/26/2025,07/28/2025,MTA*MNR STATION TIX,Travel,Sale,-17.75,
07/26/2025,07/27/2025,AG TRAVEL PLAZA 3601501,Groceries,Sale,-11.85,
07/26/2025,07/27/2025,SEATGEEK TICKETS,Entertainment,Sale,-53.25,
07/27/2025,07/27/2025,MTA*NYCT PAYGO,Travel,Sale,-2.90,
07/25/2025,07/27/2025,PRICE CHOPPER #213,Groceries,Sale,-13.76,
07/26/2025,07/27/2025,MLB STORE,Shopping,Sale,-79.99,
07/26/2025,07/27/2025,DUNKIN #332121 Q35,Food & Drink,Sale,-17.25,
07/26/2025,07/27/2025,SQ *SHAKE SHACK,Food & Drink,Sale,-7.07,
07/24/2025,07/25/2025,SPEEDWAY 44934,Gas,Sale,-40.89,
07/18/2025,07/20/2025,GRADGUARD* GRADGUARD A,Professional Services,Sale,-3.50,
07/15/2025,07/15/2025,Payment Thank You-Mobile,,Payment,310.99,
07/10/2025,07/11/2025,HAIRZOO - EAST ROCHESTER,Personal,Sale,-26.00,
07/08/2025,07/09/2025,CREEM.IO*AI VIDEO GENE,Shopping,Sale,-99.90,
07/04/2025,07/06/2025,COUNTRY CORNER STORE,Gas,Sale,-1.39,
07/03/2025,07/04/2025,SPEEDWAY 44980,Gas,Sale,-34.96,
07/02/2025,07/02/2025,HELP.MAX.COM,Entertainment,Sale,-9.99,
07/01/2025,07/01/2025,DIGITALOCEAN.COM,Shopping,Sale,-19.41,
06/30/2025,07/01/2025,SQ *NYC CREPES N SHAKES,Food & Drink,Sale,-10.56,
06/29/2025,06/30/2025,SPEEDWAY 45137,Gas,Sale,-31.82,
06/30/2025,06/30/2025,OPENAI *CHATGPT SUBSCR,Shopping,Sale,-21.60,
06/28/2025,06/30/2025,BURGER KING #17662,Food & Drink,Sale,-14.07,
06/28/2025,06/29/2025,WAWA 758,Gas,Sale,-41.29,
06/27/2025,06/27/2025,Payment Thank You-Mobile,,Payment,1200.68,
06/25/2025,06/26/2025,BOULEVARD SUPER LIQUORS,Food & Drink,Sale,-47.96,
06/25/2025,06/25/2025,SP SHIRTINABOX-US,Shopping,Sale,-64.99,
06/23/2025,06/24/2025,SPEEDWAY 44934,Gas,Sale,-29.18,
06/23/2025,06/24/2025,BOULEVARD SUPER LIQUORS,Food & Drink,Sale,-96.99,
06/21/2025,06/23/2025,SHADOW LAKE,Food & Drink,Sale,-111.00,
06/21/2025,06/22/2025,TIN CUP SOCIAL,Food & Drink,Sale,-13.50,
06/20/2025,06/22/2025,CREEM.IO*AI VIDEO GENE,Shopping,Sale,-49.90,
06/13/2025,06/16/2025,ARMK FENWAY CONCESSION,Food & Drink,Sale,-13.73,
06/13/2025,06/16/2025,ARMK FENWAY CONCESSION,Food & Drink,Sale,-27.46,
06/13/2025,06/16/2025,ARMK FENWAY CONCESSION,Food & Drink,Sale,-31.72,
06/13/2025,06/15/2025,MBTA GOVT CENTER,Travel,Sale,-4.80,
06/12/2025,06/13/2025,AMAZON MKTPL*NH6MY4IC0,Shopping,Sale,-15.85,
06/10/2025,06/12/2025,CUFFY'S OF WEST DENNIS,Shopping,Sale,-33.98,
06/10/2025,06/11/2025,MOONSHINE LIQUORS,Food & Drink,Sale,-29.99,
06/10/2025,06/11/2025,SQSP* INV185539506,Professional Services,Sale,-14.00,
06/08/2025,06/09/2025,MCDONALD'S F25927,Food & Drink,Sale,-12.50,
06/07/2025,06/09/2025,BLUE HERON GOLF COURSE,Entertainment,Sale,-7.79,
06/08/2025,06/09/2025,YARMOUTH WINE &amp; SPIRITS,Food & Drink,Sale,-17.59,
06/07/2025,06/09/2025,BLUE HERON GOLF COURSE,Entertainment,Sale,-66.95,
06/05/2025,06/08/2025,FIVE GUYS NY 1639 QSR,Food & Drink,Sale,-15.14,
06/04/2025,06/05/2025,BRUSTER'S REAL ICE CREAM,Food & Drink,Sale,-7.66,
06/03/2025,06/04/2025,COSTCO WHSE #1195,Shopping,Sale,-184.23,
06/01/2025,06/03/2025,Sycamore Golf Club,Entertainment,Sale,-49.00,
06/01/2025,06/02/2025,Sycamore Golf Club,Entertainment,Sale,-7.75,
06/02/2025,06/02/2025,HELP.MAX.COM,Entertainment,Sale,-9.99,
05/31/2025,06/01/2025,TIN CUP SOCIAL,Food & Drink,Sale,-14.50,
05/30/2025,06/01/2025,SPEEDWAY 44934,Gas,Sale,-16.25,
05/30/2025,05/30/2025,OPENAI *CHATGPT SUBSCR,Shopping,Sale,-21.60,
05/26/2025,05/27/2025,TARGET        00011957,Shopping,Sale,-50.18,
05/25/2025,05/26/2025,SP SHIRTINABOX-US,Shopping,Sale,-64.99,
05/25/2025,05/26/2025,Sycamore Golf Club,Entertainment,Sale,-69.51,
05/24/2025,05/25/2025,Payment Thank You-Mobile,,Payment,702.82,
05/22/2025,05/23/2025,SPEEDWAY 44934,Gas,Sale,-39.94,
05/21/2025,05/23/2025,BP#121580035926 7-ELEVEN,Gas,Sale,-37.57,
05/22/2025,05/23/2025,CHASE HOME LEND ME CD,Professional Services,Sale,-500.00,
05/21/2025,05/22/2025,EXXON PALMETTO ROADS #,Gas,Sale,-33.56,
05/20/2025,05/21/2025,BOLT (BY STACKBLITZ),Shopping,Sale,-20.00,
05/19/2025,05/21/2025,CHICK-FIL-A #01954,Food & Drink,Sale,-6.20,
05/20/2025,05/20/2025,Payment Thank You-Mobile,,Payment,935.27,
05/18/2025,05/20/2025,RIVERDOGS CBC CONCESSI,Food & Drink,Sale,-11.10,
05/18/2025,05/20/2025,TST*LEONS OYSTER SHOP -,Food & Drink,Sale,-35.86,
05/18/2025,05/20/2025,RIVERDOGS CBC CONCESSI,Food & Drink,Sale,-18.59,
05/17/2025,05/19/2025,PUBLIX #1095,Groceries,Sale,-43.43,
05/18/2025,05/18/2025,SEATGEEK TICKETS,Entertainment,Sale,-60.18,
05/16/2025,05/18/2025,EXXON PALMETTO ROADS #,Gas,Sale,-7.22,
05/17/2025,05/18/2025,MIDAS 5254 AUTO &amp; TIRE,Automotive,Sale,-107.77,
05/17/2025,05/18/2025,TST*CRAZY WINGS - LINCOL,Food & Drink,Sale,-42.77,
05/14/2025,05/16/2025,TST*JAKES ON DEVINE,Food & Drink,Sale,-6.30,
05/14/2025,05/16/2025,TACOS NAYARIT - KNOX A,Food & Drink,Sale,-24.75,
05/15/2025,05/16/2025,PALMETTO PIG,Food & Drink,Sale,-12.36,
05/15/2025,05/15/2025,SP PROJECT OROCHI,Shopping,Sale,-32.00,
05/14/2025,05/15/2025,City of Columbia  SC,Travel,Sale,-1.90,
05/13/2025,05/15/2025,CK *OAK HILLS GOLF CLU,Entertainment,Sale,-19.18,
05/13/2025,05/15/2025,CK *OAK HILLS GOLF CLU,Entertainment,Sale,-9.00,
05/09/2025,05/12/2025,BAR NONE,Food & Drink,Sale,-8.00,
05/11/2025,05/12/2025,SQ *200 STATE,Travel,Sale,-9.25,
05/09/2025,05/12/2025,BAR NONE,Food & Drink,Sale,-16.00,
05/11/2025,05/12/2025,CAFE STRUDEL - WC,Food & Drink,Sale,-78.77,
05/09/2025,05/11/2025,SP SHIRTINABOX-US,Shopping,Sale,-72.49,
05/08/2025,05/11/2025,TST*JAKES ON DEVINE,Food & Drink,Sale,-12.80,
05/08/2025,05/11/2025,TST*JAKES ON DEVINE,Food & Drink,Sale,-6.40,
05/07/2025,05/09/2025,NORTHWOODS GOLF CLUB,Entertainment,Sale,-7.50,
05/07/2025,05/09/2025,NORTHWOODS GOLF CLUB,Entertainment,Sale,-30.00,
05/06/2025,05/07/2025,PUBLIX #1095,Groceries,Sale,-54.23,
05/07/2025,05/07/2025,TST* THE SALTY NUT CAFE,Food & Drink,Sale,-18.00,
05/05/2025,05/06/2025,SUNOCO 0728799800,Gas,Sale,-36.70,
05/04/2025,05/06/2025,PY *ANOTHER BROKEN EGG 11,Food & Drink,Sale,-22.32,
05/03/2025,05/05/2025,CB18,Food & Drink,Sale,-16.18,
05/04/2025,05/05/2025,CANTINA 76 MAIN ST,Food & Drink,Sale,-43.28,
05/01/2025,05/04/2025,CB18,Food & Drink,Sale,-17.38,
05/03/2025,05/04/2025,CK *OAK HILLS GOLF CLU,Entertainment,Sale,-7.00,
05/02/2025,05/04/2025,CK *OAK HILLS GOLF CLU,Entertainment,Sale,-43.00,
05/01/2025,05/04/2025,CB18,Food & Drink,Sale,-10.00,
05/02/2025,05/02/2025,HELP.MAX.COM,Entertainment,Sale,-9.99,
05/01/2025,05/01/2025,Payment Thank You-Mobile,,Payment,749.44,
04/30/2025,05/01/2025,CVS/PHARMACY #00830,Health & Wellness,Sale,-15.97,
04/30/2025,05/01/2025,SQ *CAROLINA BARBER SHOP,Personal,Sale,-31.25,
04/30/2025,05/01/2025,City of Columbia  SC,Travel,Sale,-1.90,
04/29/2025,04/30/2025,PAR TEE GOLF INC,Entertainment,Sale,-10.00,
04/30/2025,04/30/2025,OPENAI *CHATGPT SUBSCR,Shopping,Sale,-21.60,
04/29/2025,04/30/2025,PUBLIX #1095,Groceries,Sale,-66.85,
04/28/2025,04/29/2025,SUNOCO 0728799800,Gas,Sale,-26.99,
04/26/2025,04/28/2025,FIVE GUYS SC 0140 QSR,Food & Drink,Sale,-37.35,
04/27/2025,04/28/2025,GLF*SANTEENATIONAL,Entertainment,Sale,-6.00,
04/25/2025,04/27/2025,PAR TEE GOLF INC,Entertainment,Sale,-10.00,
04/26/2025,04/27/2025,TST* JACK BROWN'S JOINT -,Food & Drink,Sale,-22.58,
04/25/2025,04/27/2025,PUBLIX 067,Groceries,Sale,-39.82,
04/24/2025,04/27/2025,AMBROSIA TAVERNA,Food & Drink,Sale,-9.90,
04/24/2025,04/25/2025,PALMETTO PIG,Food & Drink,Sale,-12.36,
04/24/2025,04/25/2025,CVS/PHARMACY #00830,Health & Wellness,Sale,-12.73,
04/24/2025,04/25/2025,SUNOCO 0728799800,Gas,Sale,-13.79,
04/23/2025,04/24/2025,JJ TEA HOUSE LLC,Food & Drink,Sale,-19.60,
04/21/2025,04/22/2025,SUNOCO 0728799800,Gas,Sale,-35.28,
04/20/2025,04/21/2025,STACKBLITZ,Shopping,Sale,-20.00,
04/17/2025,04/18/2025,CVS/PHARMACY #00830,Health & Wellness,Sale,-26.11,
04/17/2025,04/18/2025,PUBLIX #1095,Groceries,Sale,-38.62,
04/17/2025,04/18/2025,LS GREENS BEVERAGES,Shopping,Sale,-42.09,
04/14/2025,04/15/2025,SONIC 83743,Food & Drink,Sale,-12.51,
04/13/2025,04/14/2025,NOMA BY AL AMIR,Food & Drink,Sale,-51.01,
04/12/2025,04/14/2025,SP OAK HALL CAP GOWN,Shopping,Return,3.62,
04/13/2025,04/14/2025,PUBLIX #1095,Groceries,Sale,-49.66,
04/11/2025,04/13/2025,CVS/PHARMACY #00830,Health & Wellness,Sale,-5.09,
04/09/2025,04/10/2025,PUBLIX #1095,Groceries,Sale,-51.18,
04/09/2025,04/10/2025,City of Columbia  SC,Travel,Sale,-3.02,
04/09/2025,04/09/2025,OPENAI,Shopping,Sale,-10.80,
04/08/2025,04/09/2025,CVS/PHARMACY #00830,Health & Wellness,Sale,-27.30,
04/07/2025,04/07/2025,Payment Thank You-Mobile,,Payment,473.69,
04/06/2025,04/07/2025,PUBLIX #1095,Groceries,Sale,-70.82,
04/03/2025,04/06/2025,CB18,Food & Drink,Sale,-10.00,
04/04/2025,04/06/2025,PALMETTO PIG,Food & Drink,Sale,-18.54,
04/03/2025,04/04/2025,SP OAK HALL CAP GOWN,Shopping,Sale,-103.77,
04/03/2025,04/04/2025,STONE RIVER,Food & Drink,Sale,-16.00,
04/03/2025,04/04/2025,EXXON PALMETTO ROADS #,Gas,Sale,-38.13,
04/03/2025,04/04/2025,LS GREENS BEVERAGES,Shopping,Sale,-22.66,
04/02/2025,04/03/2025,5 POINTS SALOON,Food & Drink,Sale,-12.31,
04/02/2025,04/02/2025,HELP.MAX.COM,Entertainment,Sale,-9.99,
03/31/2025,04/01/2025,FOOD LION #2801,Groceries,Sale,-43.60,
03/30/2025,04/01/2025,TST*CRAZY WINGS - LINCOL,Food & Drink,Sale,-15.17,
03/31/2025,04/01/2025,CVS/PHARMACY #00830,Health & Wellness,Sale,-9.71,
03/30/2025,03/31/2025,SAVAGE CRAFT ALE WORKS,Food & Drink,Sale,-45.95,
03/30/2025,03/31/2025,CB18,Food & Drink,Sale,-10.00,
03/29/2025,03/31/2025,CB18,Food & Drink,Sale,-18.38,
03/30/2025,03/30/2025,OPENAI *CHATGPT SUBSCR,Shopping,Sale,-21.60,
03/28/2025,03/30/2025,TST*VILLAGE IDIOT PIZZA,Food & Drink,Sale,-23.92,
03/29/2025,03/30/2025,TST* THE SALTY NUT CAFE,Food & Drink,Sale,-11.00,
03/27/2025,03/28/2025,PALMETTO PIG,Food & Drink,Sale,-12.36,
03/26/2025,03/27/2025,TST*JAKES ON DEVINE,Food & Drink,Sale,-5.30,
03/26/2025,03/27/2025,TST*JAKES ON DEVINE,Food & Drink,Sale,-4.30,
03/25/2025,03/25/2025,Payment Thank You-Mobile,,Payment,1443.32,
03/24/2025,03/25/2025,CK *OAK HILLS GOLF CLU,Entertainment,Sale,-12.00,
03/24/2025,03/25/2025,CK *OAK HILLS GOLF CLU,Entertainment,Sale,-9.00,
03/21/2025,03/24/2025,BEEZERS GOURMET SANDWICH,Food & Drink,Sale,-7.81,
03/23/2025,03/24/2025,PUBLIX #1095,Groceries,Sale,-47.70,
03/22/2025,03/23/2025,City of Columbia  SC,Travel,Sale,-3.02,
03/20/2025,03/23/2025,2LEVY@SPECTRUM CTR-S4,Food & Drink,Sale,-27.55,
03/22/2025,03/23/2025,LS GREENS BEVERAGES,Shopping,Sale,-17.27,
03/20/2025,03/23/2025,2LEVY@SPECTRUM CTR-S4,Food & Drink,Sale,-21.14,
03/20/2025,03/21/2025,STACKBLITZ,Shopping,Sale,-20.00,
03/20/2025,03/21/2025,Amazon.com*4G83W3MK3,Shopping,Sale,-25.46,
03/20/2025,03/21/2025,PUBLIX #1095,Groceries,Sale,-7.62,
03/18/2025,03/19/2025,CVS/PHARMACY #00830,Health & Wellness,Sale,-41.38,
03/18/2025,03/18/2025,STACKBLITZ,Shopping,Sale,-30.00,
03/16/2025,03/17/2025,1-800-FLOWERS.COM INC.,Shopping,Sale,-69.62,
03/16/2025,03/17/2025,TSUNAMI VISTA,Food & Drink,Sale,-36.90,
03/13/2025,03/16/2025,RICKS BAR KEY WEST,Food & Drink,Sale,-26.15,
03/13/2025,03/16/2025,RICKS BAR KEY WEST,Food & Drink,Sale,-42.11,
03/14/2025,03/16/2025,EXXON SUNSHINE 06,Gas,Sale,-28.86,
03/14/2025,03/16/2025,EXXON SUNSHINE 06,Gas,Sale,-6.40,
03/16/2025,03/16/2025,LYFT   *1 RIDE 03-14,Travel,Sale,-12.99,
03/14/2025,03/16/2025,SHELL OIL 50943800321,Gas,Sale,-32.75,
03/14/2025,03/16/2025,RICKS BAR KEY WEST,Food & Drink,Sale,-32.81,
03/13/2025,03/14/2025,THE CORNER GROCERY,Groceries,Sale,-46.74,
03/12/2025,03/14/2025,GFS STORE #0788,Groceries,Sale,-27.47,
03/12/2025,03/14/2025,ANGELINAS PIZZA,Food & Drink,Sale,-14.04,
03/12/2025,03/14/2025,RICKS BAR KEY WEST,Food & Drink,Sale,-29.21,
03/13/2025,03/14/2025,TST* FAT TUESDAY - KEY WE,Food & Drink,Sale,-27.58,
03/11/2025,03/13/2025,RICKS BAR KEY WEST,Food & Drink,Sale,-24.57,
03/12/2025,03/13/2025,PUBLIX SUPERMARKETS #1445,Groceries,Sale,-13.53,
03/12/2025,03/13/2025,SQ *PORTER VILLAGE 2,Shopping,Sale,-27.95,
03/11/2025,03/13/2025,RICKS BAR KEY WEST,Food & Drink,Sale,-24.63,
03/12/2025,03/13/2025,DANTE'S KEY WEST,Food & Drink,Sale,-26.89,
03/11/2025,03/13/2025,CIRCLE K # 09004,Groceries,Sale,-69.73,
03/11/2025,03/12/2025,WAWA 5362,Gas,Sale,-35.38,
03/10/2025,03/11/2025,CVS/PHARMACY #03119,Health & Wellness,Sale,-4.49,
03/10/2025,03/11/2025,SP ERIC EMANUEL,Shopping,Sale,-104.86,
03/10/2025,03/11/2025,CHIPOTLE 3963,Food & Drink,Sale,-12.85,
03/10/2025,03/11/2025,USPS PO 1109640260,Shopping,Sale,-2.30,
03/09/2025,03/10/2025,HWHR SPORTS BAR,Food & Drink,Sale,-21.12,
03/09/2025,03/10/2025,Amerant Bank Arena,Food & Drink,Sale,-10.86,
03/06/2025,03/09/2025,MARATHON PETRO237685,Gas,Sale,-33.68,
03/07/2025,03/07/2025,VIVID SEATS *FLORIDA P,Entertainment,Sale,-89.58,
03/06/2025,03/07/2025,SQ *CAROLINA BARBER SHOP,Personal,Sale,-31.25,
03/06/2025,03/07/2025,City of Columbia  SC,Travel,Sale,-1.15,
03/04/2025,03/06/2025,MOE'S 223,Food & Drink,Sale,-14.25,
03/04/2025,03/05/2025,Amazon.com*466GS7HG3,Shopping,Sale,-41.70,
03/04/2025,03/05/2025,CTLP*PINTEC VENDING,Food & Drink,Sale,-2.35,
03/02/2025,03/03/2025,TPA CENTRALCASH F 6502052,Food & Drink,Sale,-15.78,
03/01/2025,03/02/2025,AVIATIONPARKINGONLINEPMT,Travel,Sale,-36.00,
02/28/2025,03/02/2025,EXXON PALMETTO ROADS #,Gas,Sale,-36.87,
03/02/2025,03/02/2025,HELP.MAX.COM,Entertainment,Sale,-9.99,
03/01/2025,03/02/2025,SQ *GASPARILLA FESTIVAL O,Gifts & Donations,Sale,-8.00,
02/28/2025,02/28/2025,Payment Thank You-Mobile,,Payment,366.58,
02/28/2025,02/28/2025,OPENAI *CHATGPT SUBSCR,Shopping,Sale,-21.60,
02/27/2025,02/28/2025,PUBLIX #1095,Groceries,Sale,-27.50,
02/27/2025,02/28/2025,EXXON PALMETTO ROADS #,Gas,Sale,-11.88,
02/26/2025,02/27/2025,JJ TEA HOUSE LLC,Food & Drink,Sale,-20.23,
02/27/2025,02/27/2025,VIVID SEATS *MIAMI HEA,Entertainment,Sale,-84.32,
02/25/2025,02/26/2025,CK *OAK HILLS GOLF CLU,Entertainment,Sale,-10.00,
02/24/2025,02/26/2025,CK *OAK HILLS GOLF CLU,Entertainment,Sale,-40.00,
02/24/2025,02/25/2025,CVS/PHARMACY #00830,Health & Wellness,Sale,-25.14,
02/21/2025,02/23/2025,SUNOCO 0728799800,Gas,Sale,-21.34,
02/20/2025,02/23/2025,TIN ROOF ACQUISITION CO,Food & Drink,Sale,-8.00,
02/20/2025,02/23/2025,TIN ROOF ACQUISITION CO,Food & Drink,Sale,-8.00,
02/20/2025,02/21/2025,STACKBLITZ,Shopping,Sale,-20.00,
02/17/2025,02/19/2025,HIBACHI HOUSE,Food & Drink,Sale,-27.50,
02/18/2025,02/19/2025,CVS/PHARMACY #00830,Health & Wellness,Sale,-53.07,
02/15/2025,02/16/2025,PAR TEE GOLF INC,Entertainment,Sale,-6.00,
02/15/2025,02/16/2025,TST* CRAZY WINGS - LINCOL,Food & Drink,Sale,-24.08,
02/15/2025,02/16/2025,Amazon.com*AC6RD3QI3,Shopping,Sale,-18.90,
02/14/2025,02/14/2025,Payment Thank You-Mobile,,Payment,374.55,
02/13/2025,02/13/2025,UNIV OF SOUTH CAROLINA,Education,Sale,-15.00,
02/11/2025,02/12/2025,TST* CRAZY WINGS - LINCOL,Food & Drink,Sale,-10.22,
02/10/2025,02/11/2025,BWW COLUMBIA 368,Food & Drink,Sale,-71.23,
02/10/2025,02/10/2025,LYFT   *1 RIDE 02-08,Travel,Sale,-9.33,
02/09/2025,02/10/2025,PUBLIX #1095,Groceries,Sale,-25.56,
02/08/2025,02/09/2025,CVS/PHARMACY #00830,Health & Wellness,Sale,-14.57,
02/07/2025,02/09/2025,City of Columbia  SC,Travel,Sale,-4.15,
02/07/2025,02/09/2025,SUNOCO 0728799800,Gas,Sale,-5.38,
02/06/2025,02/07/2025,PAR TEE GOLF INC,Entertainment,Sale,-10.00,
02/04/2025,02/06/2025,GRUBHUB - UNIVERSITY OF S,Food & Drink,Sale,-12.96,
02/03/2025,02/04/2025,TST* CRAZY WINGS - LINCOL,Food & Drink,Sale,-18.69,
02/02/2025,02/03/2025,TST* TOUCHDOWNS,Food & Drink,Sale,-9.75,
02/02/2025,02/03/2025,Amazon web services,Personal,Sale,-0.43,
02/01/2025,02/03/2025,TST*JAKES ON DEVINE,Food & Drink,Sale,-8.50,
02/02/2025,02/02/2025,HELP.MAX.COM,Entertainment,Sale,-9.99,
01/30/2025,01/30/2025,OPENAI *CHATGPT SUBSCR,Shopping,Sale,-21.60,
01/26/2025,01/29/2025,JERSEY MIKES 7062,Food & Drink,Sale,-19.97,
01/28/2025,01/29/2025,City of Columbia  SC,Travel,Sale,-0.96,
01/28/2025,01/29/2025,SQ *CAROLINA BARBER SHOP,Personal,Sale,-30.00,
01/28/2025,01/29/2025,CVS/PHARMACY #00830,Health & Wellness,Sale,-20.51,
01/27/2025,01/28/2025,Payment Thank You-Mobile,,Payment,357.68,
01/25/2025,01/28/2025,EXXON PALMETTO ROADS #,Gas,Sale,-4.05,
01/24/2025,01/28/2025,TST*JAKES ON DEVINE,Food & Drink,Sale,-27.00,
01/25/2025,01/28/2025,CVS/PHARMACY #00830,Health & Wellness,Sale,-24.70,
01/24/2025,01/26/2025,PUBLIX #1095,Groceries,Sale,-18.43,
01/23/2025,01/26/2025,GREENS DISCOUNT BEVERA,Food & Drink,Sale,-11.11,
01/23/2025,01/24/2025,PALMETTO PIG,Food & Drink,Sale,-13.39,
01/22/2025,01/23/2025,NEW YORK STATE DMV,Bills & Utilities,Sale,-17.50,
01/20/2025,01/21/2025,CAROLINA CAFE,Food & Drink,Sale,-17.76,
01/20/2025,01/21/2025,TM *TICKETMASTER,Entertainment,Sale,-63.45,
01/19/2025,01/20/2025,HIBACHI HOUSE,Food & Drink,Sale,-42.25,
01/16/2025,01/19/2025,GREENS DISCOUNT BEVERA,Food & Drink,Sale,-10.00,
01/16/2025,01/19/2025,CK *OAK HILLS GOLF CLU,Entertainment,Sale,-24.00,
01/14/2025,01/16/2025,MOE'S 223,Food & Drink,Sale,-14.25,
01/15/2025,01/16/2025,PAYPAL *SANDBOXMODE,Shopping,Sale,-30.00,
01/12/2025,01/13/2025,SUNOCO 0728799800,Gas,Sale,-21.59,
01/12/2025,01/13/2025,TST* THE SALTY NUT CAFE,Food & Drink,Sale,-15.33,
01/12/2025,01/13/2025,TST* THE SALTY NUT CAFE,Food & Drink,Sale,-18.00,
01/11/2025,01/12/2025,EXXON TRAN CONVENIENCE,Gas,Sale,-35.62,
01/11/2025,01/12/2025,USC*ATHLETICS,Entertainment,Sale,-5.00,
01/09/2025,01/09/2025,Payment Thank You-Mobile,,Payment,130.16,
01/07/2025,01/08/2025,TIN CUP SOCIAL,Food & Drink,Sale,-11.83,
01/07/2025,01/08/2025,SPEEDWAY 07669,Gas,Sale,-30.61,
01/06/2025,01/07/2025,TARGET        00011957,Shopping,Sale,-16.73,
01/05/2025,01/07/2025,UNDERDOG,Entertainment,Sale,-10.00,
01/02/2025,01/05/2025,BWW WEBSTER 563,Food & Drink,Sale,-14.03,
01/02/2025,01/03/2025,Amazon web services,Personal,Sale,-16.77,
01/02/2025,01/02/2025,Payment Thank You-Mobile,,Payment,812.49,
01/02/2025,01/02/2025,HELP.MAX.COM,Entertainment,Sale,-9.99,
01/01/2025,01/02/2025,McDonalds 7660,Food & Drink,Sale,-20.20,
12/31/2024,01/01/2025,SPEEDWAY 07669,Gas,Sale,-30.11,
12/30/2024,12/31/2024,NYSDOS BUSINESS EXPRESS 5,Bills & Utilities,Sale,-235.00,
12/30/2024,12/31/2024,BEE NEWSPAPERS,Professional Services,Sale,-114.46,
12/30/2024,12/31/2024,LEE ENT ADVERTISING AP,Shopping,Sale,-374.60,
12/30/2024,12/30/2024,OPENAI *CHATGPT SUBSCR,Shopping,Sale,-21.60,
12/29/2024,12/29/2024,Statement Credit Adjustme,Fees & Adjustments,Adjustment,69.95,
12/28/2024,12/29/2024,BYRNE DAIRY #148,Gas,Sale,-39.17,
12/28/2024,12/29/2024,BYRNE DAIRY #148,Gas,Sale,-30.26,
12/21/2024,12/23/2024,JUAN VALDEZ CAFE 93 AC,Shopping,Sale,-5.99,
12/21/2024,12/22/2024,TIN CUP SOCIAL,Food & Drink,Sale,-31.25,
12/19/2024,12/19/2024,Payment Thank You-Mobile,,Payment,320.34,
12/16/2024,12/18/2024,TST*JAKES ON DEVINE,Food & Drink,Sale,-17.20,
12/17/2024,12/18/2024,EXXON PALMETTO ROADS #,Gas,Sale,-3.46,
12/17/2024,12/18/2024,EXXON PALMETTO ROADS #,Gas,Sale,-17.35,
12/17/2024,12/18/2024,BP#9822917GO-MART #128,Gas,Sale,-30.81,
12/17/2024,12/18/2024,KONNICHIWA OF WINSTON SA,Food & Drink,Sale,-42.18,
12/16/2024,12/18/2024,TST*JAKES ON DEVINE,Food & Drink,Sale,-7.50,
12/13/2024,12/15/2024,CK *OAK HILLS GOLF CLU,Entertainment,Sale,-71.11,
12/13/2024,12/15/2024,THE MUFFLER SHOP OF COLUM,Automotive,Sale,-80.85,
12/13/2024,12/15/2024,SUNOCO 0728799800,Gas,Sale,-10.31,
12/12/2024,12/13/2024,TST*HOME TEAM BBQ - COLU,Food & Drink,Sale,-36.94,
12/12/2024,12/12/2024,Payment Thank You-Mobile,,Payment,547.67,
12/11/2024,12/12/2024,EXXON PALMETTO ROADS #,Gas,Sale,-2.63,
12/10/2024,12/11/2024,CVS/PHARMACY #00830,Health & Wellness,Sale,-12.19,
12/05/2024,12/08/2024,CB18,Food & Drink,Sale,-10.79,
12/06/2024,12/08/2024,TST* TOUCHDOWNS,Food & Drink,Sale,-7.40,
12/07/2024,12/08/2024,CHIPOTLE 1567,Food & Drink,Sale,-9.76,
12/06/2024,12/08/2024,PUBLIX #1095,Groceries,Sale,-27.78,
12/06/2024,12/08/2024,TST* TOUCHDOWNS,Food & Drink,Sale,-7.90,
12/07/2024,12/08/2024,COSTCO WHSE #1232,Shopping,Sale,-203.45,
12/06/2024,12/08/2024,EXXON PALMETTO ROADS #,Gas,Sale,-14.51,
12/05/2024,12/06/2024,PALMETTO PIG,Food & Drink,Sale,-13.39,
12/02/2024,12/03/2024,CVS/PHARMACY #00830,Health & Wellness,Sale,-6.25,
12/01/2024,12/02/2024,RPS COLUMBIA,Travel,Sale,-119.00,
12/02/2024,12/02/2024,HELP.MAX.COM,Entertainment,Sale,-9.99,
11/30/2024,12/01/2024,OPENAI *CHATGPT SUBSCR,Shopping,Sale,-21.60,
11/28/2024,11/29/2024,TIN CUP SOCIAL,Food & Drink,Sale,-31.25,
11/23/2024,11/25/2024,PUBLIX #1095,Groceries,Sale,-3.06,
11/23/2024,11/24/2024,COOK OUT COLUMBIA.,Food & Drink,Sale,-8.46,
11/22/2024,11/22/2024,Payment Thank You-Mobile,,Payment,302.34,
11/20/2024,11/22/2024,FIVE GUYS SC 0140 QSR,Food & Drink,Sale,-22.35,
11/21/2024,11/22/2024,PALMETTO PIG,Food & Drink,Sale,-18.54,
11/19/2024,11/20/2024,CVS/PHARMACY #00830,Health & Wellness,Sale,-20.51,
11/18/2024,11/19/2024,IMAGE LINE US LLC,Shopping,Sale,-150.12,
11/16/2024,11/18/2024,CB18,Food & Drink,Sale,-18.38,
11/17/2024,11/18/2024,CVS/PHARMACY #00830,Health & Wellness,Sale,-7.64,
11/17/2024,11/18/2024,CHIPOTLE 2637,Food & Drink,Sale,-12.87,
11/15/2024,11/17/2024,TST*JAKES ON DEVINE,Food & Drink,Sale,-9.60,
11/15/2024,11/17/2024,CVS/PHARMACY #00830,Health & Wellness,Sale,-32.58,
11/14/2024,11/15/2024,SQ *CAROLINA BARBER SHOP,Personal,Sale,-32.50,
11/14/2024,11/15/2024,TST*JAKES ON DEVINE,Food & Drink,Sale,-8.50,
11/10/2024,11/11/2024,TST*BRICK &amp; SPOON - EB P,Food & Drink,Sale,-9.64,
11/10/2024,11/10/2024,Payment Thank You-Mobile,,Payment,536.77,
11/06/2024,11/08/2024,GREENS DISCOUNT BEVERA,Food & Drink,Sale,-33.90,
11/06/2024,11/07/2024,PUBLIX #1095,Groceries,Sale,-49.80,
11/04/2024,11/06/2024,MOE'S 223,Food & Drink,Sale,-8.79,
11/05/2024,11/06/2024,TST*STONERS PIZZA JOINT,Food & Drink,Sale,-41.50,
11/05/2024,11/06/2024,ADVANCE AUTO PARTS #5010,Automotive,Sale,-308.00,
11/05/2024,11/06/2024,ADVANCE AUTO PARTS #5010,Automotive,Return,23.54,
11/05/2024,11/06/2024,MOONEYHAN'S AUTO SERVICE,Automotive,Sale,-65.00,
11/04/2024,11/04/2024,Payment Thank You-Mobile,,Payment,467.38,
11/02/2024,11/04/2024,GREENS DISCOUNT BEVERA,Food & Drink,Sale,-8.09,
11/03/2024,11/04/2024,BREAKERS LIVE,Food & Drink,Sale,-11.68,
11/02/2024,11/04/2024,AMK UNIV OF SC S AND E CO,Food & Drink,Sale,-13.75,
11/02/2024,11/04/2024,AMK UNIV OF SC S AND E CO,Food & Drink,Sale,-19.80,
11/02/2024,11/03/2024,HELP.MAX.COM,Entertainment,Sale,-9.99,
11/01/2024,11/03/2024,FIVE GUYS SC 0225 QSR,Food & Drink,Sale,-20.04,
11/01/2024,11/03/2024,SUNOCO 0728799800,Gas,Sale,-18.74,
11/01/2024,11/03/2024,GLF*GOLDENHILLS,Entertainment,Sale,-14.00,
11/01/2024,11/03/2024,GLF*GOLDENHILLS,Entertainment,Sale,-60.00,
10/30/2024,11/01/2024,TST*JAKES ON DEVINE,Food & Drink,Sale,-9.60,
10/31/2024,11/01/2024,PALMETTO PIG,Food & Drink,Sale,-13.39,
10/30/2024,11/01/2024,GREENS DISCOUNT BEVERA,Food & Drink,Sale,-17.79,
10/30/2024,11/01/2024,TST*JAKES ON DEVINE,Food & Drink,Sale,-4.80,
10/29/2024,10/30/2024,CVS/PHARMACY #00830,Health & Wellness,Sale,-12.19,
10/29/2024,10/30/2024,WAL-MART #1183,Groceries,Sale,-24.55,
10/30/2024,10/30/2024,OPENAI *CHATGPT SUBSCR,Shopping,Sale,-21.60,
10/27/2024,10/29/2024,TST*STONERS PIZZA JOINT,Food & Drink,Sale,-6.59,
10/27/2024,10/28/2024,CVS/PHARMACY #00830,Health & Wellness,Sale,-20.51,
10/26/2024,10/28/2024,JERSEY MIKES 7062,Food & Drink,Sale,-19.42,
10/26/2024,10/28/2024,TST*JAKES ON DEVINE,Food & Drink,Sale,-15.10,
10/27/2024,10/28/2024,CHIPOTLE 3661,Food & Drink,Sale,-14.22,
10/27/2024,10/28/2024,PUBLIX #1095,Groceries,Sale,-83.82,
10/26/2024,10/27/2024,EXXON PALMETTO ROADS #,Gas,Sale,-4.58,
10/24/2024,10/27/2024,CB18,Food & Drink,Sale,-12.58,
10/25/2024,10/27/2024,CB18,Food & Drink,Sale,-14.58,
10/26/2024,10/27/2024,TST* THE SALTY NUT CAFE,Food & Drink,Sale,-20.00,
10/23/2024,10/23/2024,Payment Thank You-Mobile,,Payment,364.78,
10/22/2024,10/23/2024,CVS/PHARMACY #00830,Health & Wellness,Sale,-20.50,
10/21/2024,10/23/2024,MOE'S 223,Food & Drink,Sale,-8.79,
10/20/2024,10/21/2024,CK *OAK HILLS GOLF CLU,Entertainment,Sale,-10.00,
10/18/2024,10/20/2024,SONIC 83743,Food & Drink,Sale,-16.24,
10/19/2024,10/20/2024,TST* CRAZY WINGS - LINCOL,Food & Drink,Sale,-18.68,
10/19/2024,10/20/2024,EXXON PALMETTO ROADS #,Gas,Sale,-9.89,
10/18/2024,10/20/2024,TEEQUEST,Entertainment,Sale,-90.00,
10/17/2024,10/18/2024,PALMETTO PIG,Food & Drink,Sale,-13.39,
10/16/2024,10/18/2024,TST*JAKES ON DEVINE,Food & Drink,Sale,-6.30,
10/17/2024,10/18/2024,PAR TEE GOLF INC,Entertainment,Sale,-12.00,
10/16/2024,10/18/2024,GREENS DISCOUNT BEVERA,Food & Drink,Sale,-17.79,
10/16/2024,10/18/2024,TST*JAKES ON DEVINE,Food & Drink,Sale,-11.70,
10/17/2024,10/18/2024,SQ *CAROLINA BARBER SHOP,Personal,Sale,-34.50,
10/16/2024,10/17/2024,SC STATE FAIR - ETIX,Entertainment,Sale,-20.00,
10/15/2024,10/16/2024,SQ *ASA-PIZZA,Entertainment,Sale,-8.00,
10/15/2024,10/16/2024,SQ *SOUTH CAROLINA STATE,Travel,Sale,-10.00,
10/14/2024,10/15/2024,CVS/PHARMACY #00830,Health & Wellness,Sale,-18.10,
10/13/2024,10/15/2024,FIVE GUYS SC 0140 QSR,Food & Drink,Sale,-22.25,
10/12/2024,10/13/2024,PAR TEE GOLF INC,Entertainment,Sale,-10.00,
10/09/2024,10/11/2024,REPUBLIC BIERGARTEN AND K,Food & Drink,Sale,-6.42,
10/10/2024,10/11/2024,PALMETTO PIG,Food & Drink,Sale,-13.39,
10/09/2024,10/11/2024,REPUBLIC BIERGARTEN AND K,Food & Drink,Sale,-6.42,
10/09/2024,10/10/2024,CVS/PHARMACY #00830,Health & Wellness,Sale,-9.71,
10/09/2024,10/09/2024,Payment Thank You-Mobile,,Payment,93.66,
10/05/2024,10/06/2024,SUNOCO 0728799800,Gas,Sale,-4.74,
10/03/2024,10/06/2024,CHICKEN BLOOM,Food & Drink,Sale,-2.88,
10/04/2024,10/06/2024,CB18,Food & Drink,Sale,-14.58,
10/02/2024,10/02/2024,HELP.MAX.COM,Entertainment,Sale,-9.99,
09/29/2024,10/02/2024,BLAZE PIZZA #1093,Food & Drink,Sale,-18.52,
10/01/2024,10/02/2024,CVS/PHARMACY #00830,Health & Wellness,Sale,-12.41,
10/01/2024,10/01/2024,Payment Thank You-Mobile,,Payment,452.98,
09/30/2024,10/01/2024,CVS/PHARMACY #00830,Health & Wellness,Sale,-30.54,
09/28/2024,09/30/2024,GREENS DISCOUNT BEVERA,Food & Drink,Sale,-17.27,
09/29/2024,09/30/2024,PUBLIX #656,Groceries,Sale,-136.68,
09/21/2024,09/23/2024,ADDAM'S UNIV BKST #229,Shopping,Sale,-28.08,
09/19/2024,09/22/2024,BREAKERS LIVE,Food & Drink,Sale,-18.53,
09/19/2024,09/22/2024,GREENS DISCOUNT BEVERA,Food & Drink,Sale,-17.79,
09/18/2024,09/20/2024,DAVES HOT CHICKEN 1167,Food & Drink,Sale,-18.78,
09/16/2024,09/18/2024,LI'L CRICKET 327,Gas,Sale,-10.81,
09/17/2024,09/18/2024,SQ *CAROLINA BARBER SHOP,Personal,Sale,-32.50,
09/17/2024,09/18/2024,CVS/PHARMACY #00830,Health & Wellness,Sale,-20.39,
09/16/2024,09/18/2024,MOE'S 223,Food & Drink,Sale,-11.81,
09/14/2024,09/17/2024,CHICKEN BLOOM,Food & Drink,Sale,-21.50,
09/16/2024,09/17/2024,AUTOZONE #0278,Automotive,Sale,-39.95,
09/14/2024,09/16/2024,PALMETTO PIG,Food & Drink,Sale,-17.51,
09/14/2024,09/15/2024,EXXON PALMETTO ROADS #,Gas,Sale,-3.46,
09/15/2024,09/15/2024,LYFT   *1 RIDE 09-13,Travel,Sale,-9.72,
09/09/2024,09/10/2024,Payment Thank You-Mobile,,Payment,347.94,
09/07/2024,09/09/2024,JACK BROWN`S COLUMBIA,Food & Drink,Sale,-21.42,
09/08/2024,09/09/2024,CHIPOTLE 3661,Food & Drink,Sale,-9.27,
09/07/2024,09/09/2024,PALMETTO PIG,Food & Drink,Sale,-17.51,
09/06/2024,09/08/2024,RICHLAND COUNTY RECREATIO,Entertainment,Sale,-36.00,
09/05/2024,09/08/2024,JAYS BOOKSTORE,Shopping,Sale,-75.60,
09/06/2024,09/08/2024,GREENS DISCOUNT BEVERA,Food & Drink,Sale,-26.95,
09/07/2024,09/08/2024,RICHLAND COUNTY RECREATIO,Entertainment,Sale,-44.00,
09/05/2024,09/05/2024,REDEMPTION CREDIT,Fees & Adjustments,Adjustment,32.77,
09/03/2024,09/04/2024,WAL-MART #1183,Groceries,Sale,-9.17,
09/02/2024,09/04/2024,SHELL OIL 10013562003,Gas,Sale,-27.13,
09/03/2024,09/04/2024,CVS/PHARMACY #00830,Health & Wellness,Sale,-9.49,
09/02/2024,09/02/2024,HELP.MAX.COM,Entertainment,Sale,-9.99,
09/01/2024,09/02/2024,CHIPOTLE 3661,Food & Drink,Sale,-9.27,
09/02/2024,09/02/2024,UNIV OF SC MARKETPLACE,Education,Sale,-15.00,
08/30/2024,09/01/2024,CK *OAK HILLS GOLF CLU,Entertainment,Sale,-81.44,
08/29/2024,09/01/2024,BWW COLUMBIA 368,Food & Drink,Sale,-24.79,
08/30/2024,08/30/2024,Payment Thank You-Mobile,,Payment,375.99,
08/29/2024,08/30/2024,THE COLLEGE POSTER SALE C,Shopping,Sale,-11.88,
08/20/2024,08/21/2024,CVS/PHARMACY #00830,Health & Wellness,Sale,-15.10,
08/19/2024,08/21/2024,CK *OAK HILLS GOLF CLU,Entertainment,Sale,-39.00,
08/16/2024,08/18/2024,SPEEDWAY 06940 626 CC CAM,Gas,Sale,-26.64,
08/17/2024,08/18/2024,LS CHARWOOD GOLF CLUB,Health & Wellness,Sale,-122.20,
08/17/2024,08/18/2024,City of Columbia  SC,Travel,Sale,-1.90,
08/13/2024,08/14/2024,POS PAY,Personal,Sale,-171.15,
08/13/2024,08/13/2024,Payment Thank You-Mobile,,Payment,260.85,
08/11/2024,08/12/2024,TST* COUNTRY ROADS - FAIR,Food & Drink,Sale,-8.40,
08/10/2024,08/12/2024,SHADOW LAKE,Food & Drink,Sale,-43.00,
08/10/2024,08/11/2024,SPEEDWAY 07669,Gas,Sale,-39.26,
08/10/2024,08/11/2024,MCDONALD'S F7660,Food & Drink,Sale,-16.17,
08/10/2024,08/11/2024,TIN CUP SOCIAL,Food & Drink,Sale,-11.83,
08/10/2024,08/11/2024,Dicks Sporting Goods,Shopping,Sale,-36.23,
08/10/2024,08/11/2024,TIN CUP SOCIAL,Food & Drink,Sale,-23.75,
08/10/2024,08/11/2024,TIN CUP SOCIAL,Food & Drink,Sale,-21.50,
08/07/2024,08/08/2024,NikePOS_US,Shopping,Sale,-60.71,
08/05/2024,08/05/2024,Payment Thank You-Mobile,,Payment,168.14,
08/02/2024,08/04/2024,BRUSTERS REAL ICE CREAM,Food & Drink,Sale,-8.33,
08/03/2024,08/04/2024,PARKVIEW FAIRWAYS G.C.,Entertainment,Sale,-44.00,
08/03/2024,08/04/2024,TIN CUP SOCIAL,Food & Drink,Sale,-8.25,
08/02/2024,08/04/2024,EAGLE VALE GOLF CLUB-B,Entertainment,Sale,-35.00,
08/02/2024,08/04/2024,TARGET        00020388,Shopping,Sale,-15.08,
08/02/2024,08/02/2024,HELP.MAX.COM,Entertainment,Sale,-9.99,
07/30/2024,07/31/2024,SPEEDWAY 07669,Gas,Sale,-38.04,
07/29/2024,07/30/2024,SQ *PRESERVATION BEER COM,Food & Drink,Sale,-9.45,
07/27/2024,07/28/2024,Payment Thank You-Mobile,,Payment,45.95,
07/24/2024,07/25/2024,USC CAMPUS RECREATION,Education,Sale,-10.00,
07/22/2024,07/24/2024,MOE'S 223,Food & Drink,Sale,-11.81,
07/22/2024,07/23/2024,PINTEC VENDING SERVIC,Food & Drink,Sale,-2.10,
07/19/2024,07/22/2024,HUNGRY`S GRILL,Food & Drink,Sale,-8.63,
07/19/2024,07/21/2024,TIN CUP SOCIAL,Food & Drink,Sale,-9.32,
07/20/2024,07/21/2024,MARATHON PETRO19828,Gas,Sale,-4.09,
07/20/2024,07/21/2024,Payment Thank You-Mobile,,Payment,782.17,
07/17/2024,07/18/2024,Amazon.com*RS2AO6X21,Shopping,Sale,-426.59,
07/16/2024,07/17/2024,TIN CUP SOCIAL,Food & Drink,Sale,-13.50,
07/16/2024,07/17/2024,SQ *DOGTOWN,Food & Drink,Sale,-14.58,
07/15/2024,07/16/2024,PANORAMA PEDIATRIC GROUP,Health & Wellness,Sale,-83.64,
07/14/2024,07/15/2024,PIER FIFTY THREE,Food & Drink,Sale,-17.42,
07/14/2024,07/15/2024,PIER FIFTY THREE,Food & Drink,Sale,-15.88,
07/14/2024,07/15/2024,SPEEDWAY 07669,Gas,Sale,-42.71,
07/12/2024,07/14/2024,WALGREENS #19548,Health & Wellness,Sale,-14.78,
07/12/2024,07/14/2024,PIZZA DS MENDON,Food & Drink,Sale,-12.75,
07/10/2024,07/12/2024,BWW WEBSTER 563,Food & Drink,Sale,-31.59,
07/11/2024,07/12/2024,TARGET        00011957,Shopping,Sale,-30.76,
07/11/2024,07/12/2024,SQ *BEAUTY BY RENEE,Personal,Sale,-33.75,
07/09/2024,07/10/2024,GNC.COM,Groceries,Sale,-37.98,
07/06/2024,07/07/2024,ALDI 65073 PENFIELD,Groceries,Sale,-2.58,
07/04/2024,07/05/2024,SPEEDWAY 07669,Gas,Sale,-3.66,
07/03/2024,07/04/2024,Payment Thank You-Mobile,,Payment,155.99,
07/02/2024,07/02/2024,HELP.MAX.COM,Entertainment,Sale,-9.99,
07/01/2024,07/02/2024,DAIRY QUEEN #43351,Food & Drink,Sale,-11.86,
07/01/2024,07/02/2024,WAL-MART #1744,Groceries,Sale,-53.95,
06/29/2024,06/30/2024,ETSY  INC.,Shopping,Sale,-37.80,
06/27/2024,06/28/2024,SPEEDWAY 07669,Gas,Sale,-42.39,
06/27/2024,06/27/2024,Payment Thank You-Mobile,,Payment,183.67,
06/25/2024,06/26/2024,TIN CUP SOCIAL,Food & Drink,Sale,-31.25,
06/22/2024,06/24/2024,PY *DRAGONFLY TAVERN,Food & Drink,Sale,-10.97,
06/21/2024,06/23/2024,TIN CUP SOCIAL,Food & Drink,Sale,-10.00,
06/22/2024,06/23/2024,TIN CUP SOCIAL,Food & Drink,Sale,-12.50,
06/22/2024,06/23/2024,TJ RYANS PUB,Food & Drink,Sale,-7.50,
06/21/2024,06/23/2024,SQ *PRESERVATION BEER COM,Food & Drink,Sale,-9.07,
06/22/2024,06/23/2024,WEGMANS #018,Groceries,Sale,-19.41,
06/22/2024,06/23/2024,DOLLARTREE,Shopping,Sale,-16.20,
06/22/2024,06/23/2024,TIN CUP SOCIAL,Food & Drink,Sale,-18.75,
06/21/2024,06/23/2024,TIN CUP SOCIAL,Food & Drink,Sale,-5.00,
06/19/2024,06/20/2024,SQ *MOONLIGHT CREAMERY,Groceries,Sale,-8.43,
06/19/2024,06/19/2024,Payment Thank You-Mobile,,Payment,556.36,
06/18/2024,06/19/2024,TARGET        00011957,Shopping,Sale,-21.59,
06/18/2024,06/19/2024,TIN CUP SOCIAL,Food & Drink,Sale,-13.00,
06/17/2024,06/18/2024,TARGET        00011957,Shopping,Sale,-29.15,
06/14/2024,06/17/2024,LANSDOWNE PUB BOSTON,Food & Drink,Sale,-15.00,
06/14/2024,06/17/2024,GAME ON FENWAY PARK,Food & Drink,Sale,-12.00,
06/15/2024,06/17/2024,BULLPEN KITCHEN &amp; TAP,Food & Drink,Sale,-33.00,
06/16/2024,06/17/2024,ROCHESTER BEER PARK,Food & Drink,Sale,-22.00,
06/16/2024,06/17/2024,ROCHESTER BEER PARK,Food & Drink,Sale,-15.00,
06/14/2024,06/17/2024,LANSDOWNE PUB BOSTON,Food & Drink,Sale,-24.00,
06/14/2024,06/16/2024,RED SOX TEAM STORE-POS,Shopping,Sale,-40.00,
06/14/2024,06/16/2024,DUNKIN #337679 Q35,Food & Drink,Sale,-6.72,
06/13/2024,06/16/2024,STAR OSCO 4596,Groceries,Sale,-9.03,
06/14/2024,06/16/2024,AMK FENWAY PARK CONCES,Food & Drink,Sale,-24.97,
06/15/2024,06/16/2024,POS PAY,Shopping,Sale,-25.00,
06/15/2024,06/16/2024,DUNKIN #335680 Q35,Food & Drink,Sale,-5.76,
06/12/2024,06/13/2024,CVS/PHARMACY #00860,Health & Wellness,Sale,-5.79,
06/11/2024,06/13/2024,CUFFY'S OF WEST DENNIS,Shopping,Sale,-16.99,
06/11/2024,06/12/2024,THE CAPTAINS TABLE,Food & Drink,Sale,-205.13,
06/09/2024,06/11/2024,SUNOCO 0015423703,Gas,Sale,-8.63,
06/09/2024,06/10/2024,CVS/PHARMACY #00860,Health & Wellness,Sale,-5.83,
06/09/2024,06/10/2024,VALUE MART,Gas,Sale,-57.37,
06/08/2024,06/10/2024,FAIRPORT HOTS,Food & Drink,Sale,-5.38,
06/09/2024,06/09/2024,REDEMPTION CREDIT,Fees & Adjustments,Adjustment,49.37,
06/09/2024,06/09/2024,Payment Thank You-Mobile,,Payment,378.57,
06/08/2024,06/09/2024,SPEEDWAY 07669,Gas,Sale,-38.98,
06/06/2024,06/07/2024,SPEEDWAY 07669,Gas,Sale,-6.86,
06/06/2024,06/07/2024,WEGMANS #063,Groceries,Sale,-18.95,
06/06/2024,06/07/2024,TARGET        00011957,Shopping,Sale,-16.73,
06/05/2024,06/06/2024,BRUSTERS REAL ICE CREAM,Food & Drink,Sale,-14.52,
05/30/2024,06/05/2024,POS PAY,Shopping,Sale,-173.52,
06/02/2024,06/04/2024,TIN CUP SOCIAL,Food & Drink,Sale,-14.50,
06/02/2024,06/03/2024,CAPTAIN JACKS GOOD TIME T,Food & Drink,Sale,-37.40,
06/02/2024,06/03/2024,AGATINA'S ITALIAN EATS LL,Food & Drink,Sale,-20.06,
05/31/2024,06/03/2024,ANNUNCIATION GREEK ORTHOD,Food & Drink,Sale,-13.00,
05/31/2024,06/03/2024,ANNUNCIATION GREEK ORTHOD,Food & Drink,Sale,-10.00,
05/31/2024,06/02/2024,SPEEDWAY 07669,Gas,Sale,-37.78,
05/29/2024,05/31/2024,FAIRPORT HOTS,Food & Drink,Sale,-15.25,
05/25/2024,05/26/2024,Payment Thank You-Mobile,,Payment,186.64,
05/23/2024,05/24/2024,WEGMANS #063,Groceries,Sale,-19.98,
05/23/2024,05/24/2024,WEGMANS #063,Groceries,Sale,-20.02,
05/21/2024,05/22/2024,WEGMANS #063,Groceries,Sale,-11.64,
05/19/2024,05/19/2024,Payment Thank You-Mobile,,Payment,153.67,
05/18/2024,05/19/2024,IDEMIA TSA PRECHECK,Bills & Utilities,Sale,-70.00,
05/18/2024,05/19/2024,FSP*THE LINKS AT GREYSTON,Health & Wellness,Sale,-65.00,
05/11/2024,05/13/2024,WAYSIDE GARDEN CENTER,Home,Sale,-39.95,
05/11/2024,05/12/2024,WEGMANS #024,Groceries,Sale,-13.98,
05/11/2024,05/12/2024,EXXON JOE'S KWIK MARTS,Gas,Sale,-30.28,
05/07/2024,05/09/2024,THE HOME DEPOT 1247,Home,Sale,-25.35,
05/07/2024,05/08/2024,Payment Thank You-Mobile,,Payment,158.43,
05/07/2024,05/08/2024,SPEEDWAY 07669,Gas,Sale,-44.11,
04/27/2024,04/29/2024,BOJANGLES 1220,Food & Drink,Sale,-13.07,
04/27/2024,04/29/2024,JACKSON GOLF CLUB,Health & Wellness,Sale,-60.00,
04/25/2024,04/28/2024,MOE'S 223,Food & Drink,Sale,-14.25,
04/25/2024,04/26/2024,CVS/PHARMACY #00830,Health & Wellness,Sale,-5.93,
04/24/2024,04/26/2024,WENDYS #0055,Food & Drink,Sale,-6.60,
04/25/2024,04/25/2024,Payment Thank You-Mobile,,Payment,587.54,
04/23/2024,04/25/2024,CK *OAK HILLS GOLF CLU,Entertainment,Sale,-37.00,
04/24/2024,04/25/2024,JACK BROWN`S BEER,Food & Drink,Sale,-21.58,
04/22/2024,04/23/2024,PUBLIX #1095,Groceries,Sale,-96.94,
04/21/2024,04/21/2024,AUTOMATIC PAYMENT - THANK,,Payment,152.89,
04/20/2024,04/21/2024,NOMA BY AL AMIR,Food & Drink,Sale,-26.26,
04/19/2024,04/21/2024,RICHLAND COUNTY RECREATIO,Entertainment,Sale,-35.00,
04/20/2024,04/21/2024,EXXON PALMETTO ROADS #319,Gas,Sale,-2.23,
04/18/2024,04/19/2024,CVS/PHARMACY #00830,Health & Wellness,Sale,-3.56,
04/18/2024,04/19/2024,PALMETTO PIG,Food & Drink,Sale,-16.48,
04/17/2024,04/19/2024,GROUCHO`S DELI OF 5 POINT,Food & Drink,Sale,-12.39,
04/17/2024,04/18/2024,SQ *CAROLINA BARBER SHOP,Personal,Sale,-28.60,
04/17/2024,04/18/2024,PINTEC VENDING SERVIC,Food & Drink,Sale,-2.10,
04/17/2024,04/18/2024,PINTEC VENDING SERVIC,Food & Drink,Sale,-2.10,
04/16/2024,04/17/2024,CVS/PHARMACY #00830,Health & Wellness,Sale,-47.80,
04/16/2024,04/17/2024,CVS/PHARMACY #00830,Health & Wellness,Sale,-5.93,
04/15/2024,04/16/2024,CVS/PHARMACY #00830,Health & Wellness,Sale,-34.10,
04/13/2024,04/15/2024,NORTHWOODS GOLF CLUB,Entertainment,Sale,-54.99,
04/12/2024,04/14/2024,PUBLIX #1095,Groceries,Sale,-16.69,
04/08/2024,04/10/2024,WENDYS #0055,Food & Drink,Sale,-6.60,
04/04/2024,04/07/2024,DAVES HOT CHICKEN 1167,Food & Drink,Sale,-15.59,
04/03/2024,04/05/2024,REPUBLIC BIERGARTEN  KIT,Food & Drink,Sale,-21.86,
03/30/2024,04/01/2024,TACO BELL 3003060,Food & Drink,Sale,-18.60,
03/30/2024,04/01/2024,PALMETTO PIG,Food & Drink,Sale,-16.48,
03/29/2024,03/31/2024,RICHLAND COUNTY RECREATIO,Entertainment,Sale,-20.50,
03/24/2024,03/26/2024,FIVE GUYS SC 0140 QSR,Food & Drink,Sale,-20.02,
03/25/2024,03/26/2024,COSTCO WHSE #1232,Shopping,Sale,-67.89,
03/22/2024,03/25/2024,CASTAWAY GRILL,Food & Drink,Sale,-14.83,
03/21/2024,03/24/2024,BUC-EE'S #53,Groceries,Sale,-14.29,
03/22/2024,03/24/2024,GLF*LINKSATBRICKLANDING,Entertainment,Sale,-65.35,
03/18/2024,03/20/2024,PUBLICO KITCHEN &amp; TAP,Food & Drink,Sale,-18.68,
03/19/2024,03/20/2024,CVS/PHARMACY #00830,Health & Wellness,Sale,-3.77,
03/16/2024,03/18/2024,GRUBHUB - UNIVERSITY OF S,Food & Drink,Sale,-10.95,
03/17/2024,03/17/2024,Payment Thank You-Mobile,,Payment,547.23,
03/16/2024,03/17/2024,EVVNT* ST PATS IN FIVE,Entertainment,Sale,-39.85,
03/13/2024,03/15/2024,WENDYS #0055,Food & Drink,Sale,-6.60,
03/12/2024,03/13/2024,TSUNAMI VISTA,Food & Drink,Sale,-33.89,
03/12/2024,03/13/2024,CVS/PHARMACY #00830,Health & Wellness,Sale,-13.48,
03/09/2024,03/11/2024,CK *OAK HILLS GOLF CLU,Entertainment,Sale,-32.00,
03/09/2024,03/11/2024,PUBLIX #1095,Groceries,Sale,-66.13,
03/09/2024,03/11/2024,TST* HOME TEAM BBQ - COLU,Food & Drink,Sale,-22.97,
03/07/2024,03/08/2024,SQ *THE OUTPOST AT ISLE O,Groceries,Sale,-18.34,
03/06/2024,03/07/2024,TST* LEONS OYSTER SHOP -,Food & Drink,Sale,-30.53,
03/06/2024,03/07/2024,NBA League Pass,Bills & Utilities,Sale,-8.99,
03/05/2024,03/06/2024,TINTO Y CREMA,Food & Drink,Sale,-7.45,
03/05/2024,03/06/2024,TST* THE GRIFFON,Food & Drink,Sale,-75.23,
03/04/2024,03/05/2024,VSI*CHARLESTON GOLF,Bills & Utilities,Sale,-15.00,
03/03/2024,03/04/2024,JACK BROWN`S BEER,Food & Drink,Sale,-22.58,
03/02/2024,03/04/2024,AMK UNIV OF SC S AND E CO,Food & Drink,Sale,-6.05,
03/01/2024,03/03/2024,SQ *CAROLINA BARBER SHOP,Personal,Sale,-28.60,
02/29/2024,03/01/2024,TSUNAMI VISTA,Food & Drink,Sale,-22.20,
02/26/2024,02/27/2024,PAR TEE GOLF INC,Entertainment,Sale,-10.00,
02/25/2024,02/26/2024,DD *DOORDASH MCDONALDS,Food & Drink,Sale,-15.36,
02/19/2024,02/20/2024,CVS/PHARMACY #00830,Health & Wellness,Sale,-18.89,
02/18/2024,02/19/2024,Payment Thank You-Mobile,,Payment,400.61,
02/17/2024,02/19/2024,ZESTOS OF WEST COLUMBIA,Food & Drink,Sale,-13.03,
02/18/2024,02/19/2024,CHIPOTLE 3661,Food & Drink,Sale,-16.24,
02/16/2024,02/18/2024,PALMETTO PIG,Food & Drink,Sale,-16.48,
02/16/2024,02/18/2024,PUBLIX #1095,Groceries,Sale,-10.19,
02/16/2024,02/18/2024,CK *OAK HILLS GOLF CLU,Entertainment,Sale,-37.00,
